{"mean": [-278.1756286621094, 79.9410171508789, -18.273967742919922, 9.278841972351074, -3.3863768577575684, 6.409737586975098, -5.409297466278076, 2.445810317993164, -4.310244560241699, 2.2783021926879883, -2.2530808448791504, 2.089901924133301, -2.914959192276001, 0.09151241183280945, -3.9129528999328613, 0.07043606042861938, -3.7211928367614746, 0.2898741066455841, -2.8815715312957764, 0.42290329933166504, 72.45982360839844, 25.17357063293457, 22.78214454650879, 14.377577781677246, 12.480997085571289, 9.978067398071289, 9.150470733642578, 9.098207473754883, 9.555075645446777, 9.19311809539795, 8.995759010314941, 8.870084762573242, 8.675134658813477, 8.856647491455078, 8.629566192626953, 8.208158493041992, 8.250234603881836, 8.584697723388672, 8.83434772491455, 8.607222557067871, 0.5768209099769592, 0.07737676799297333, -0.05262002348899841, -0.03227431699633598, -6.667311390629038e-05, 0.00814284011721611, -0.007438119035214186, 0.015726938843727112, -0.031462788581848145, -0.03226467967033386, -0.044303376227617264, 0.0016579395160079002, 0.03973403945565224, 0.070069819688797, 0.04445161670446396, -0.013937016949057579, -0.007353403605520725, 0.010983111336827278, 0.0016351188533008099, -0.023872394114732742, 11.18812370300293, 3.9476497173309326, 3.7451395988464355, 2.341726303100586, 2.1262714862823486, 1.7204381227493286, 1.594661831855774, 1.5886683464050293, 1.6492722034454346, 1.5663620233535767, 1.5508527755737305, 1.5807729959487915, 1.5398129224777222, 1.4768837690353394, 1.495082974433899, 1.4092539548873901, 1.4847372770309448, 1.5088467597961426, 1.5953288078308105, 1.5304291248321533, 1871.41845703125, 434.1699523925781, 0.15470340847969055, 0.05876609683036804, 3.483966588973999], "scale": [111.28196716308594, 51.33107376098633, 33.07932662963867, 20.437551498413086, 17.23398208618164, 15.442355155944824, 10.828178405761719, 12.897492408752441, 8.986409187316895, 9.742325782775879, 7.622051239013672, 10.57844066619873, 10.114211082458496, 7.751811504364014, 7.533982276916504, 6.096131324768066, 6.300546169281006, 5.950953006744385, 5.813684940338135, 5.167968273162842, 49.9276237487793, 14.319211959838867, 11.747114181518555, 6.324090957641602, 5.250324249267578, 3.60588002204895, 3.2625534534454346, 3.232513427734375, 4.25415563583374, 4.5236358642578125, 4.407093524932861, 4.392196178436279, 4.802412033081055, 5.86810827255249, 4.5487565994262695, 4.475459575653076, 4.4318437576293945, 4.343473434448242, 4.939735412597656, 5.178710460662842, 1.8843591213226318, 0.7197661399841309, 0.5004957914352417, 0.4019244313240051, 0.2643333971500397, 0.20625919103622437, 0.2119383066892624, 0.17980748414993286, 0.26336100697517395, 0.23393070697784424, 0.27500995993614197, 0.19417837262153625, 0.3181428909301758, 0.472040057182312, 0.2327100783586502, 0.249658465385437, 0.20791298151016235, 0.2297530323266983, 0.16873474419116974, 0.29760420322418213, 6.4915900230407715, 2.292180061340332, 2.0482985973358154, 1.0344866514205933, 0.9974287748336792, 0.6755936741828918, 0.5852386951446533, 0.6357600092887878, 0.795623242855072, 0.7872446179389954, 0.8035669326782227, 0.8686777353286743, 0.8947098851203918, 0.8476693630218506, 0.88880854845047, 0.7473717331886292, 0.8077594637870789, 0.8106685876846313, 0.9031249284744263, 0.913859486579895, 609.8319702148438, 263.0086975097656, 0.07604699581861496, 0.03278607130050659, 1.566389799118042], "coef": [[0.05898896977305412, 0.1223212480545044, 0.08404022455215454, 0.13882339000701904, 0.21392208337783813, -0.3878575265407562, -0.16663415729999542, 0.08748206496238708, 0.7772897481918335, 0.4911819100379944, 0.0980512872338295, 0.38179612159729004, -0.13950827717781067, 0.11604055017232895, 0.03298526629805565, 0.4397897720336914, 0.1777270883321762, 0.3701281249523163, 0.5515255928039551, 0.18579845130443573, -0.010824622586369514, 0.03940344601869583, 0.46957269310951233, -0.07970339804887772, -0.19202987849712372, 0.07012283056974411, 0.03687170520424843, -0.18214687705039978, -0.2924509048461914, 0.1220715269446373, 0.08677369356155396, 0.09134021401405334, 0.06595025956630707, 0.2665938138961792, -0.06340733915567398, -0.22592955827713013, 0.01397654041647911, -0.14651459455490112, -0.03163088858127594, 0.2413744479417801, 0.10409421473741531, -0.03804298862814903, -0.05613521486520767, -0.18414099514484406, 0.0819162055850029, 0.336745023727417, -0.1025625467300415, 0.08138579875230789, 0.20719559490680695, 0.014875554479658604, -0.09775207191705704, -0.19663357734680176, 0.030010433867573738, 0.2577893137931824, 0.24428528547286987, -0.11869041621685028, -0.10471294075250626, -0.0812416672706604, -0.042048919945955276, 0.1556432843208313, 0.2956462800502777, 0.29703646898269653, 0.3680979907512665, -0.05809449404478073, -0.008368825539946556, -0.07277196645736694, 0.15737497806549072, 0.012679165229201317, 0.027828829362988472, -0.02038515917956829, -0.026394225656986237, 0.142208993434906, 0.12460271269083023, 0.2808573544025421, -0.02187064290046692, -0.05707470700144768, -0.021468091756105423, -0.1391911804676056, -0.0440484881401062, 0.23985496163368225, -0.4734625220298767, -0.15278086066246033, -0.31138378381729126, -0.07816459983587265, -0.3451409935951233], [0.5038009285926819, 0.13876329362392426, -0.09780190885066986, -0.44726550579071045, -0.2896125316619873, 0.30506396293640137, -0.34811869263648987, 0.5052535533905029, -0.06966201961040497, 0.06385672092437744, 0.11857876181602478, 0.12846185266971588, -0.165115088224411, 0.34938958287239075, 0.1787593513727188, 0.48537617921829224, 0.14923718571662903, 0.08766419440507889, 0.0472659133374691, 0.12522266805171967, -0.16842474043369293, -0.11349368840456009, -0.028739146888256073, -0.16259127855300903, 0.012564190663397312, -0.1608327329158783, 0.07802586257457733, 0.14320966601371765, 0.08867025375366211, 0.1655007004737854, -0.05086658522486687, 0.1669054478406906, 0.13510525226593018, -0.001199705759063363, 0.361648827791214, 0.23362968862056732, 0.12227663397789001, 0.20799210667610168, 0.4514554440975189, 0.12584643065929413, -0.1365441232919693, 0.08477567881345749, 0.22883757948875427, 0.17084628343582153, -0.17976674437522888, -0.14547818899154663, 0.07084152102470398, -0.14896154403686523, -0.16279329359531403, 0.09439155459403992, 0.1284172385931015, 0.06979236751794815, 0.10494653135538101, 0.004166009370237589, 0.00554854329675436, 0.20785200595855713, 0.15253381431102753, -0.10095386207103729, 0.06891704350709915, -0.061046864837408066, -0.22381843626499176, -0.21826663613319397, -0.2687036991119385, -0.16705533862113953, -0.05639755353331566, -0.16342146694660187, -0.34120213985443115, -0.0747106596827507, -0.02133394218981266, 0.12531685829162598, -0.14446720480918884, -0.08968079090118408, -0.009245404042303562, -0.12470339238643646, 0.2850307822227478, 0.19947566092014313, 0.18098878860473633, 0.13429909944534302, 0.2297375500202179, 0.06225010007619858, -0.20666100084781647, 0.030809322372078896, -0.22600418329238892, -0.14181646704673767, 0.1431412547826767], [-0.06804414093494415, -0.23631079494953156, 0.19773238897323608, 0.03780854493379593, -0.15377689898014069, -0.1100906953215599, 0.205976203083992, 0.06457196921110153, 0.4817223846912384, -0.2348630726337433, -0.24301794171333313, 0.013404183089733124, -0.011908876709640026, -0.012727795168757439, -0.14949537813663483, 0.0445888452231884, 0.025904029607772827, 0.12311121076345444, -0.006757213268429041, -0.13674375414848328, 0.11055508255958557, -0.01527827326208353, -0.5353384017944336, 0.13081803917884827, 0.0742495208978653, 0.14376404881477356, 0.0635264441370964, -0.10939917713403702, -0.09586142003536224, -0.1387137919664383, -0.0016986527480185032, -0.172352597117424, -0.15597356855869293, -0.08689431101083755, -0.11158137768507004, -0.10884886980056763, -0.18458054959774017, -0.08399814367294312, -0.14402449131011963, -0.20955747365951538, -0.2019059807062149, 0.20322424173355103, -0.07972270995378494, -0.028359197080135345, 